{"cameraMode":{"drawMode":0,"name":"Shaded","section":"Shading Mode"},"sceneLighting":false,"audioPlay":false,"sceneViewState":{"showFog":true,"showMaterialUpdate":false,"showSkybox":false,"showFlares":true,"showImageEffects":true,"showParticleSystems":true},"in2DMode":false,"pivot":{"x":0.26430022716522219,"y":0.39127635955810549,"z":0.2759246826171875},"rotation":{"x":-0.003083718242123723,"y":-0.9708384275436401,"z":0.23944291472434998,"w":-0.01251963060349226},"size":6.194356441497803,"orthographic":false}