{"cameraMode":{"drawMode":0,"name":"Shaded","section":"Shading Mode"},"sceneLighting":false,"audioPlay":false,"sceneViewState":{"showFog":true,"showMaterialUpdate":false,"showSkybox":false,"showFlares":true,"showImageEffects":true,"showParticleSystems":true},"in2DMode":false,"pivot":{"x":-3.809293746948242,"y":-6.388299942016602,"z":-32.936378479003909},"rotation":{"x":0.006971673108637333,"y":-0.9919787645339966,"z":0.1093679815530777,"w":0.0631805881857872},"size":24.613920211791993,"orthographic":false}