{"cameraMode":{"drawMode":0,"name":"Shaded","section":"Shading Mode"},"sceneLighting":false,"audioPlay":false,"sceneViewState":{"showFog":true,"showMaterialUpdate":false,"showSkybox":false,"showFlares":true,"showImageEffects":true,"showParticleSystems":true},"in2DMode":false,"pivot":{"x":-20.406658172607423,"y":-3.870845317840576,"z":-43.788204193115237},"rotation":{"x":0.0096109164878726,"y":-0.9747307896614075,"z":0.04272816330194473,"w":0.21910090744495393},"size":25.721546173095704,"orthographic":false}